NAME	ORIGINAL SIZE	AFTER RESTRICTING TO DATASET	STATUS	
HALLMARK_ADIPOGENESIS	200	122		
HALLMARK_ALLOGRAFT_REJECTION	200	63		
HALLMARK_ANDROGEN_RESPONSE	101	62		
HALLMARK_ANGIOGENESIS	36	15		
HALLMARK_APICAL_JUNCTION	200	82		
HALLMARK_APICAL_SURFACE	44	20		
HALLMARK_APOPTOSIS	161	80		
HALLMARK_BILE_ACID_METABOLISM	112	62		
HALLMARK_CHOLESTEROL_HOMEOSTASIS	74	45		
HALLMARK_COAGULATION	138	57		
HALLMARK_COMPLEMENT	200	83		
HALLMARK_DNA_REPAIR	150	113		
HALLMARK_E2F_TARGETS	200	150		
HALLMARK_EPITHELIAL_MESENCHYMAL_TRANSITION	200	94		
HALLMARK_ESTROGEN_RESPONSE_EARLY	200	83		
HALLMARK_ESTROGEN_RESPONSE_LATE	200	88		
HALLMARK_FATTY_ACID_METABOLISM	158	86		
HALLMARK_G2M_CHECKPOINT	200	132		
HALLMARK_GLYCOLYSIS	200	117		
HALLMARK_HEDGEHOG_SIGNALING	36	20		
HALLMARK_HEME_METABOLISM	200	105		
HALLMARK_HYPOXIA	200	109		
HALLMARK_IL2_STAT5_SIGNALING	199	94		
HALLMARK_IL6_JAK_STAT3_SIGNALING	87	29		
HALLMARK_INFLAMMATORY_RESPONSE	200	61		
HALLMARK_INTERFERON_ALPHA_RESPONSE	97	28		
HALLMARK_INTERFERON_GAMMA_RESPONSE	200	68		
HALLMARK_KRAS_SIGNALING_DN	200	46		
HALLMARK_KRAS_SIGNALING_UP	200	82		
HALLMARK_MITOTIC_SPINDLE	199	137		
HALLMARK_MTORC1_SIGNALING	200	132		
HALLMARK_MYC_TARGETS_V1	200	153		
HALLMARK_MYC_TARGETS_V2	58	50		
HALLMARK_MYOGENESIS	200	64		
HALLMARK_NOTCH_SIGNALING	32	18		
HALLMARK_OXIDATIVE_PHOSPHORYLATION	200	118		
HALLMARK_P53_PATHWAY	200	105		
HALLMARK_PANCREAS_BETA_CELLS	40	15		
HALLMARK_PEROXISOME	104	59		
HALLMARK_PI3K_AKT_MTOR_SIGNALING	105	59		
HALLMARK_PROTEIN_SECRETION	96	74		
HALLMARK_REACTIVE_OXYGEN_SPECIES_PATHWAY	49	29		
HALLMARK_SPERMATOGENESIS	135	54		
HALLMARK_TGF_BETA_SIGNALING	54	28		
HALLMARK_TNFA_SIGNALING_VIA_NFKB	200	88		
HALLMARK_UNFOLDED_PROTEIN_RESPONSE	113	81		
HALLMARK_UV_RESPONSE_DN	144	80		
HALLMARK_UV_RESPONSE_UP	158	83		
HALLMARK_WNT_BETA_CATENIN_SIGNALING	42	23		
HALLMARK_XENOBIOTIC_METABOLISM	200	103		
