NAME	GS<br> follow link to MSigDB	GS DETAILS	SIZE	ES	NES	NOM p-val	FDR q-val	FWER p-val	RANK AT MAX	LEADING EDGE	
HALLMARK_TNFA_SIGNALING_VIA_NFKB	HALLMARK_TNFA_SIGNALING_VIA_NFKB	Details ...	88	0.6246661	2.0922859	0.0	0.0	0.0	1166	tags=45%, list=14%, signal=52%	
HALLMARK_HYPOXIA	HALLMARK_HYPOXIA	Details ...	109	0.5758411	1.9751711	0.0	0.0	0.0	1203	tags=33%, list=15%, signal=38%	
HALLMARK_EPITHELIAL_MESENCHYMAL_TRANSITION	HALLMARK_EPITHELIAL_MESENCHYMAL_TRANSITION	Details ...	94	0.54652154	1.8243383	0.0	0.0035504785	0.01	988	tags=31%, list=12%, signal=35%	
HALLMARK_TGF_BETA_SIGNALING	HALLMARK_TGF_BETA_SIGNALING	Details ...	28	0.62002677	1.7010562	0.0030674846	0.01690666	0.058	1288	tags=46%, list=16%, signal=55%	
HALLMARK_MTORC1_SIGNALING	HALLMARK_MTORC1_SIGNALING	Details ...	132	0.4823872	1.6886731	0.0012468828	0.017478127	0.075	1262	tags=30%, list=15%, signal=34%	
HALLMARK_CHOLESTEROL_HOMEOSTASIS	HALLMARK_CHOLESTEROL_HOMEOSTASIS	Details ...	45	0.5710101	1.6877273	0.0028409092	0.014745285	0.076	1237	tags=47%, list=15%, signal=55%	
HALLMARK_UNFOLDED_PROTEIN_RESPONSE	HALLMARK_UNFOLDED_PROTEIN_RESPONSE	Details ...	81	0.49155137	1.6301734	0.0013986015	0.026181862	0.158	1758	tags=43%, list=21%, signal=54%	
HALLMARK_APOPTOSIS	HALLMARK_APOPTOSIS	Details ...	80	0.48793688	1.623029	0.0037313432	0.024659103	0.166	1050	tags=28%, list=13%, signal=31%	
HALLMARK_P53_PATHWAY	HALLMARK_P53_PATHWAY	Details ...	105	0.47166166	1.6141933	0.0	0.025018293	0.187	1028	tags=25%, list=12%, signal=28%	
HALLMARK_MYOGENESIS	HALLMARK_MYOGENESIS	Details ...	64	0.5053983	1.600933	0.0068399454	0.025329033	0.206	1204	tags=30%, list=15%, signal=35%	
HALLMARK_GLYCOLYSIS	HALLMARK_GLYCOLYSIS	Details ...	117	0.46287107	1.5877448	0.00124533	0.027713336	0.242	1807	tags=33%, list=22%, signal=42%	
HALLMARK_ESTROGEN_RESPONSE_LATE	HALLMARK_ESTROGEN_RESPONSE_LATE	Details ...	88	0.47583506	1.5745335	0.0053333333	0.02921261	0.274	1426	tags=38%, list=17%, signal=45%	
HALLMARK_UV_RESPONSE_UP	HALLMARK_UV_RESPONSE_UP	Details ...	83	0.46007064	1.5162905	0.009150327	0.047484223	0.432	1598	tags=35%, list=19%, signal=43%	
HALLMARK_XENOBIOTIC_METABOLISM	HALLMARK_XENOBIOTIC_METABOLISM	Details ...	103	0.43421292	1.4664031	0.016229713	0.071851864	0.602	892	tags=19%, list=11%, signal=22%	
HALLMARK_INFLAMMATORY_RESPONSE	HALLMARK_INFLAMMATORY_RESPONSE	Details ...	61	0.46503708	1.4631394	0.03462604	0.06890794	0.613	1695	tags=36%, list=21%, signal=45%	
HALLMARK_IL6_JAK_STAT3_SIGNALING	HALLMARK_IL6_JAK_STAT3_SIGNALING	Details ...	29	0.5225958	1.431881	0.055059522	0.08520083	0.708	797	tags=21%, list=10%, signal=23%	
HALLMARK_ESTROGEN_RESPONSE_EARLY	HALLMARK_ESTROGEN_RESPONSE_EARLY	Details ...	83	0.41118708	1.3556545	0.05284016	0.15065044	0.902	1014	tags=24%, list=12%, signal=27%	
HALLMARK_KRAS_SIGNALING_UP	HALLMARK_KRAS_SIGNALING_UP	Details ...	82	0.41162676	1.3529767	0.055555556	0.14588845	0.908	1801	tags=35%, list=22%, signal=45%	
HALLMARK_PANCREAS_BETA_CELLS	HALLMARK_PANCREAS_BETA_CELLS	Details ...	15	0.5400582	1.2867087	0.14720812	0.22042523	0.98	2309	tags=47%, list=28%, signal=65%	
HALLMARK_PI3K_AKT_MTOR_SIGNALING	HALLMARK_PI3K_AKT_MTOR_SIGNALING	Details ...	59	0.40456122	1.2770878	0.13540198	0.22386171	0.984	1123	tags=20%, list=14%, signal=23%	
HALLMARK_KRAS_SIGNALING_DN	HALLMARK_KRAS_SIGNALING_DN		46	0.41621923	1.2561219	0.14160584	0.24346325	0.991	649	tags=20%, list=8%, signal=21%	
HALLMARK_IL2_STAT5_SIGNALING	HALLMARK_IL2_STAT5_SIGNALING		94	0.361392	1.2145481	0.15049751	0.300768	0.996	1074	tags=20%, list=13%, signal=23%	
HALLMARK_HEDGEHOG_SIGNALING	HALLMARK_HEDGEHOG_SIGNALING		20	0.4777528	1.2015996	0.23387097	0.31137833	0.998	1011	tags=25%, list=12%, signal=28%	
HALLMARK_INTERFERON_GAMMA_RESPONSE	HALLMARK_INTERFERON_GAMMA_RESPONSE		68	0.36974636	1.1679415	0.24274406	0.36258042	0.999	1801	tags=31%, list=22%, signal=39%	
HALLMARK_OXIDATIVE_PHOSPHORYLATION	HALLMARK_OXIDATIVE_PHOSPHORYLATION		118	0.32639912	1.1329875	0.23694268	0.41831654	0.999	2664	tags=37%, list=32%, signal=54%	
HALLMARK_COMPLEMENT	HALLMARK_COMPLEMENT		83	0.33590972	1.1170986	0.2844388	0.4342973	1.0	988	tags=16%, list=12%, signal=18%	
HALLMARK_ANDROGEN_RESPONSE	HALLMARK_ANDROGEN_RESPONSE		62	0.35287875	1.095284	0.3252688	0.4619816	1.0	1791	tags=32%, list=22%, signal=41%	
HALLMARK_ADIPOGENESIS	HALLMARK_ADIPOGENESIS		122	0.30593342	1.0626605	0.36034912	0.5180369	1.0	1591	tags=25%, list=19%, signal=31%	
HALLMARK_HEME_METABOLISM	HALLMARK_HEME_METABOLISM		105	0.3061597	1.0346466	0.3938619	0.5619158	1.0	2230	tags=33%, list=27%, signal=45%	
HALLMARK_INTERFERON_ALPHA_RESPONSE	HALLMARK_INTERFERON_ALPHA_RESPONSE		28	0.37118855	1.0175128	0.4378882	0.58055913	1.0	433	tags=11%, list=5%, signal=11%	
HALLMARK_REACTIVE_OXYGEN_SPECIES_PATHWAY	HALLMARK_REACTIVE_OXYGEN_SPECIES_PATHWAY		29	0.36349243	0.9985568	0.4642857	0.6040486	1.0	1763	tags=28%, list=21%, signal=35%	
HALLMARK_ANGIOGENESIS	HALLMARK_ANGIOGENESIS		15	0.3980249	0.94206864	0.57843137	0.70987916	1.0	2006	tags=40%, list=24%, signal=53%	
HALLMARK_PROTEIN_SECRETION	HALLMARK_PROTEIN_SECRETION		74	0.29094782	0.94125414	0.5465587	0.6898893	1.0	1076	tags=15%, list=13%, signal=17%	
HALLMARK_COAGULATION	HALLMARK_COAGULATION		57	0.2882157	0.90890425	0.6136986	0.73723894	1.0	2296	tags=39%, list=28%, signal=53%	
HALLMARK_UV_RESPONSE_DN	HALLMARK_UV_RESPONSE_DN		80	0.25155056	0.8226979	0.78863937	0.8897408	1.0	1307	tags=18%, list=16%, signal=21%	
HALLMARK_APICAL_SURFACE	HALLMARK_APICAL_SURFACE		20	0.31929758	0.8160466	0.7046549	0.8771142	1.0	2134	tags=40%, list=26%, signal=54%	
HALLMARK_BILE_ACID_METABOLISM	HALLMARK_BILE_ACID_METABOLISM		62	0.24107666	0.77280664	0.86096257	0.9257118	1.0	1210	tags=21%, list=15%, signal=24%	
HALLMARK_FATTY_ACID_METABOLISM	HALLMARK_FATTY_ACID_METABOLISM		86	0.2348011	0.76510644	0.8887451	0.91136664	1.0	574	tags=6%, list=7%, signal=6%	
HALLMARK_MITOTIC_SPINDLE	HALLMARK_MITOTIC_SPINDLE		137	0.21586418	0.7648253	0.9271357	0.8883675	1.0	1520	tags=20%, list=18%, signal=24%	
HALLMARK_PEROXISOME	HALLMARK_PEROXISOME		59	0.2299912	0.714978	0.9035461	0.92447096	1.0	1616	tags=20%, list=20%, signal=25%	
