NAME	GS<br> follow link to MSigDB	GS DETAILS	SIZE	ES	NES	NOM p-val	FDR q-val	FWER p-val	RANK AT MAX	LEADING EDGE	
HALLMARK_E2F_TARGETS	HALLMARK_E2F_TARGETS	Details ...	150	-0.39622086	-1.681815	0.0	0.03713344	0.048	1662	tags=37%, list=20%, signal=46%	
HALLMARK_DNA_REPAIR	HALLMARK_DNA_REPAIR	Details ...	113	-0.34433123	-1.3842324	0.004830918	0.21570638	0.422	1551	tags=36%, list=19%, signal=44%	
HALLMARK_G2M_CHECKPOINT	HALLMARK_G2M_CHECKPOINT	Details ...	132	-0.31157935	-1.2926056	0.050632913	0.27265176	0.658	1309	tags=24%, list=16%, signal=28%	
HALLMARK_SPERMATOGENESIS	HALLMARK_SPERMATOGENESIS	Details ...	54	-0.35751423	-1.2537798	0.123595506	0.25912535	0.748	878	tags=20%, list=11%, signal=23%	
HALLMARK_WNT_BETA_CATENIN_SIGNALING	HALLMARK_WNT_BETA_CATENIN_SIGNALING	Details ...	23	-0.3706999	-1.1074581	0.31005585	0.5193995	0.98	2020	tags=52%, list=25%, signal=69%	
HALLMARK_MYC_TARGETS_V1	HALLMARK_MYC_TARGETS_V1	Details ...	153	-0.24911124	-1.0435401	0.33333334	0.6039489	0.994	1814	tags=30%, list=22%, signal=38%	
HALLMARK_NOTCH_SIGNALING	HALLMARK_NOTCH_SIGNALING	Details ...	18	-0.35311013	-0.9724815	0.47708896	0.7353145	0.999	819	tags=28%, list=10%, signal=31%	
HALLMARK_APICAL_JUNCTION	HALLMARK_APICAL_JUNCTION	Details ...	82	-0.23553362	-0.8997879	0.71369296	0.8454215	1.0	1903	tags=26%, list=23%, signal=33%	
HALLMARK_ALLOGRAFT_REJECTION	HALLMARK_ALLOGRAFT_REJECTION	Details ...	63	-0.22445606	-0.8471296	0.79770994	0.87467587	1.0	1113	tags=17%, list=14%, signal=20%	
HALLMARK_MYC_TARGETS_V2	HALLMARK_MYC_TARGETS_V2	Details ...	50	-0.21534303	-0.7595849	0.92805755	0.9126834	1.0	2158	tags=34%, list=26%, signal=46%	
