Term,Library,p-value,q-value,z-score,combined score
positive regulation of fibroblast growth factor receptor signaling pathway (GO:0045743),GO_Biological_Process_2021,0.01244,0.2482,101.8,446.4
membrane fission (GO:0090148),GO_Biological_Process_2021,0.01737,0.2482,67.84,274.9
pexophagy (GO:0000425),GO_Biological_Process_2021,0.01737,0.2482,67.84,274.9
autophagosome membrane docking (GO:0016240),GO_Biological_Process_2021,0.01737,0.2482,67.84,274.9
regulation of microtubule binding (GO:1904526),GO_Biological_Process_2021,0.01737,0.2482,67.84,274.9
Mismatch repair,KEGG_2021_Human,0.05598,0.3542,18.49,53.29
SNARE interactions in vesicular transport,KEGG_2021_Human,0.07934,0.3542,12.7,32.19
Hedgehog signaling pathway,KEGG_2021_Human,0.131,0.3542,7.382,15.01
Mitophagy,KEGG_2021_Human,0.1568,0.3542,6.056,11.22
Prolactin signaling pathway,KEGG_2021_Human,0.161,0.3542,5.88,10.74