Term,Library,p-value,q-value,z-score,combined score
Olfactory transduction,KEGG_2021_Human,4.0158e-11,3.2126e-10,16.06,384.5
mitochondrial respirasome assembly (GO:0097250),GO_Biological_Process_2021,0.000218,0.01352,118.7,1001
regulation of intracellular cholesterol transport (GO:0032383),GO_Biological_Process_2021,0.01244,0.1655,101.8,446.4
positive regulation of cilium-dependent cell motility (GO:2000155),GO_Biological_Process_2021,0.01737,0.1655,67.84,274.9
positive regulation of flagellated sperm motility (GO:1902093),GO_Biological_Process_2021,0.01737,0.1655,67.84,274.9
positive regulation of cilium movement (GO:0003353),GO_Biological_Process_2021,0.01737,0.1655,67.84,274.9
Neuroactive ligand-receptor interaction,KEGG_2021_Human,0.05351,0.214,3.704,10.84
Taste transduction,KEGG_2021_Human,0.194,0.3908,4.77,7.82
Leukocyte transendothelial migration,KEGG_2021_Human,0.2489,0.3908,3.583,4.983
Cell adhesion molecules,KEGG_2021_Human,0.3105,0.3908,2.749,3.215